id,name,peak,album,albumIndex,isAltVersion,isSingle,isBonus,isVault,isTv
"0Om9WAB5RS09L80DyOfTNa","Tim McGraw",40,"Taylor Swift",1,0,1,0,0,0
"32mVHdy0bi1XKgr0ajsBlG","Picture To Burn",28,"Taylor Swift",1,0,1,0,0,0
"7zMcNqs55Mxer82bvZFkpg","Teardrops On My Guitar",13,"Taylor Swift",1,0,1,0,0,0
"73OX8GdpOeGzKC6OvGSbsv","A Place in this World",0,"Taylor Swift",1,0,0,0,0,0
"7an1exwMnfYRcdVQm0yDev","Cold As You",0,"Taylor Swift",1,0,0,0,0,0
"2QA3IixpRcKyOdG7XDzRgv","The Outside",0,"Taylor Swift",1,0,0,0,0,0
"6K0CJLVXqbGMeJSmJ4ENKK","Tied Together with a Smile",0,"Taylor Swift",1,0,0,0,0,0
"2ZoOmCSgj0ypVAmGd1ve4y","Stay Beautiful",0,"Taylor Swift",1,0,0,0,0,0
"16MVSD0mGI4RMQT83Qzm69","Should've Said No",33,"Taylor Swift",1,0,1,0,0,0
"2QrQCMel6v2JiLxqrg4p2O","Mary's Song (Oh My My My)",0,"Taylor Swift",1,0,0,0,0,0
"15DeqWWQB4dcEWzJg15VrN","Our Song",16,"Taylor Swift",1,0,1,0,0,0
"4pJi1rVt9GNegU9kywjg4z","Teardrops on My Guitar",13,"Taylor Swift",1,1,0,0,0,0
"0JIdBrXGSJXS72zjF9ss9u","I'm Only Me When I'm With You",0,"Taylor Swift",1,0,0,1,0,0
"5OOd01o2YS1QFwdpVLds3r","Invisible",0,"Taylor Swift",1,0,0,1,0,0
"1spLfUJxtyVyiKKTegQ2r4","A Perfectly Good Heart",0,"Taylor Swift",1,0,0,1,0,0
"3F6czr26ZwGU5O5CHY04Ma","Fearless",9,"Fearless Platinum Edition",2,0,1,0,0,0
"3M0w3fhdXByHLCNAoi5c9G","Fifteen",23,"Fearless Platinum Edition",2,0,1,0,0,0
"0kN3oXYWWAk1uC0y2WoyOE","Love Story",4,"Fearless Platinum Edition",2,0,1,0,0,0
"6wcFdMmiDscAhZJrcVFumx","Hey Stephen",94,"Fearless Platinum Edition",2,0,0,0,0,0
"4jPtq9shRdUv8Zjr0a5xkD","White Horse",13,"Fearless Platinum Edition",2,0,1,0,0,0
"3as6Wz3mwbTnusWhZjTUNr","You Belong With Me",2,"Fearless Platinum Edition",2,0,1,0,0,0
"6S9G7J3EB1ZY0rrZPwsBg5","Breathe",87,"Fearless Platinum Edition",2,0,0,0,0,0
"4XrP7vKBjKLEYlRZdb0Ygr","Tell Me Why",0,"Fearless Platinum Edition",2,0,0,0,0,0
"6HWYtS215rxaaMjvpyG18W","You're Not Sorry",11,"Fearless Platinum Edition",2,0,0,0,0,0
"77VotUUL79U10TAnYdqwvr","The Way I Loved You",72,"Fearless Platinum Edition",2,0,0,0,0,0
"1zxrcAk6eiytfavqriMcKT","Forever & Always",34,"Fearless Platinum Edition",2,0,0,0,0,0
"5YbZZ2gYfvW1UvHHF4pVaD","The Best Day",0,"Fearless Platinum Edition",2,0,0,0,0,0
"0RdcBnAXyH2YZZvcBVu2k6","Change",10,"Fearless Platinum Edition",2,0,0,0,0,0
"08gavXombT6KR0af88i9tA","Jump Then Fall",10,"Fearless Platinum Edition",2,0,0,1,0,0
"2IZ00ed83ygPIiacYScWUE","Untouchable",19,"Fearless Platinum Edition",2,0,0,1,0,0
"46HGgtwmmuEB8mvDCyjyAc","Forever & Always",34,"Fearless Platinum Edition",2,1,0,1,0,0
"4pl5zcqCv4vc3cB7M4MZ6f","Come In With The Rain",30,"Fearless Platinum Edition",2,0,0,1,0,0
"14Bljc3pOOG0xQX3wqhLN9","SuperStar",26,"Fearless Platinum Edition",2,0,0,1,0,0
"0xvsgzM8AtBtRHZm5rav8A","The Other Side Of The Door",23,"Fearless Platinum Edition",2,0,0,1,0,0
"6LZaxlycSWrJZ4Volb25qx","Mine",3,"Speak Now (Deluxe Edition)",3,0,1,0,0,0
"1q8E1FfFuhd12c5JcJwPxQ","Sparks Fly",17,"Speak Now (Deluxe Edition)",3,0,1,0,0,0
"7lxADouiWFkwR7ZV2GKUcH","Back To December",6,"Speak Now (Deluxe Edition)",3,0,1,0,0,0
"1nYWTzy5zu3zEPNgB1sItW","Speak Now",8,"Speak Now (Deluxe Edition)",3,0,0,0,0,0
"1ubvV5ECkm6nSI6g1HmbBK","Dear John",54,"Speak Now (Deluxe Edition)",3,0,0,0,0,0
"4N60XfcTE1ysLZGbYgnYXq","Mean",11,"Speak Now (Deluxe Edition)",3,0,1,0,0,0
"19tHCfzUSoy5HkpxcmbA0A","The Story Of Us",41,"Speak Now (Deluxe Edition)",3,0,1,0,0,0
"74WBGgUnpKrJXt6TETfR6Z","Never Grow Up",84,"Speak Now (Deluxe Edition)",3,0,0,0,0,0
"14LtANuaslKWyYbktUrHBU","Enchanted",75,"Speak Now (Deluxe Edition)",3,0,0,0,0,0
"1By2VQkUN0Frd8mKNV5NYC","Better Than Revenge",56,"Speak Now (Deluxe Edition)",3,0,0,0,0,0
"3kfgJql90tzgoxByioAMXR","Innocent",27,"Speak Now (Deluxe Edition)",3,0,0,0,0,0
"11UaQaEp2LvdspTyyuE3ur","Haunted",63,"Speak Now (Deluxe Edition)",3,0,0,0,0,0
"1D27z8xNzjW0Mwwt1NCWhJ","Last Kiss",71,"Speak Now (Deluxe Edition)",3,0,0,0,0,0
"7DjCRhhFo9PPzca1BjMLcf","Long Live",85,"Speak Now (Deluxe Edition)",3,0,0,0,0,0
"1EQn3Uc5AyUXoiPLeyCrrg","Ours",13,"Speak Now (Deluxe Edition)",3,0,1,1,0,0
"0vvt4IZOMkRug195S4MUq0","If This Was A Movie",10,"Speak Now (Deluxe Edition)",3,0,0,1,0,0
"2R7C9dDqv1UPycvepBFziA","Superman",26,"Speak Now (Deluxe Edition)",3,0,0,1,0,0
"6IH2Z54gYPLqgJtxZjX80i","Back To December",6,"Speak Now (Deluxe Edition)",3,1,0,1,0,0
"62rlxI6g2PNaWsHoiRryto","Haunted",63,"Speak Now (Deluxe Edition)",3,1,0,1,0,0
"0fAbfDiuQiUwV7FUcFfRGY","Mine",3,"Speak Now (Deluxe Edition)",3,1,0,1,0,0
"5zyCYmiaVE5y26EZuwZbsw","State Of Grace",13,"Red (Deluxe Edition)",4,0,0,0,0,0
"1RvQQGwaPipiNgz8RXAKA8","Red",6,"Red (Deluxe Edition)",4,0,1,0,0,0
"0XfOV7qY3834QpFVwOb6CC","Treacherous",0,"Red (Deluxe Edition)",4,0,0,0,0,0
"0ciHz919LVKoH4zgxyMPZ9","I Knew You Were Trouble.",2,"Red (Deluxe Edition)",4,0,1,0,0,0
"1q3RiD1tIWUpGsNFADMlvl","All Too Well",80,"Red (Deluxe Edition)",4,0,0,0,0,0
"3bIxTsfeNMO7Nt2J3EUKrA","22",20,"Red (Deluxe Edition)",4,0,1,0,0,0
"31pEV5lPJi7btskZoUr2yu","I Almost Do",65,"Red (Deluxe Edition)",4,0,0,0,0,0
"1OYARuagDrpgNNQ4loO1Cs","We Are Never Ever Getting Back Together",1,"Red (Deluxe Edition)",4,0,1,0,0,0
"1x0J8LFX23d5h1zzuzZorc","Stay Stay Stay",91,"Red (Deluxe Edition)",4,0,0,0,0,0
"7vvIpJZye5cRR6De1LKM0m","The Last Time",0,"Red (Deluxe Edition)",4,0,1,0,0,0
"5d2Kn9oAAh9S2EbyCo1i52","Holy Ground",0,"Red (Deluxe Edition)",4,0,0,0,0,0
"5QKhg4r4Ibt0LVTmWEXTEg","Sad Beautiful Tragic",0,"Red (Deluxe Edition)",4,0,0,0,0,0
"2wtHlpYSgC7xEdD3DrSHNL","The Lucky One",0,"Red (Deluxe Edition)",4,0,0,0,0,0
"7gdwoOmi258QJq0hmQ4hto","Everything Has Changed",32,"Red (Deluxe Edition)",4,0,1,0,0,0
"0vqI4ZIMuifeKeItGiWbPj","Starlight",0,"Red (Deluxe Edition)",4,0,0,0,0,0
"48A0aShHlovDfTMucMrE66","Begin Again",7,"Red (Deluxe Edition)",4,0,1,0,0,0
"5AsmAjBSSQjRPWgAYIp8tm","The Moment I Knew",64,"Red (Deluxe Edition)",4,0,0,1,0,0
"4qyalTRMRH5YuEntvvMvq0","Come Back...Be Here",0,"Red (Deluxe Edition)",4,0,0,1,0,0
"6cf6rLb8qcklvJv90W6HCW","Girl At Home",0,"Red (Deluxe Edition)",4,0,0,1,0,0
"7BT9K9BDqq6HI2oWH5UMZQ","Treacherous",0,"Red (Deluxe Edition)",4,1,0,1,0,0
"4mqgn90sCeVSYqcoftTQTd","Red",6,"Red (Deluxe Edition)",4,1,0,1,0,0
"5G9AVKld9q7DCrmoY42raf","State Of Grace",13,"Red (Deluxe Edition)",4,1,0,1,0,0
"33Kq0AT5rvwyE4azisG08x","Welcome To New York",48,"1989 (Deluxe Edition)",5,0,0,0,0,0
"2sC2P3BN0IXujNaaSyDmtP","Blank Space",1,"1989 (Deluxe Edition)",5,0,1,0,0,0
"1fo2ctLqj3zBhRQKOXprol","Style",6,"1989 (Deluxe Edition)",5,0,1,0,0,0
"6Nde5KuTXyB7jlPO4upaBo","Out Of The Woods",18,"1989 (Deluxe Edition)",5,0,1,0,0,0
"0lmMtDQ2ElasKU2qDAE6NN","All You Had To Do Was Stay",0,"1989 (Deluxe Edition)",5,0,0,0,0,0
"3fthfkkvy9av3q3uAGVf7U","Shake It Off",1,"1989 (Deluxe Edition)",5,0,1,0,0,0
"1B5VzXPqMlvRw0U4HJY3dJ","I Wish You Would",0,"1989 (Deluxe Edition)",5,0,0,0,0,0
"0yN4fNzmVnmgC0dsOoi9Wh","Bad Blood",1,"1989 (Deluxe Edition)",5,0,1,0,0,0
"106R7Z57WYzBAfrXImV30y","Wildest Dreams",5,"1989 (Deluxe Edition)",5,0,1,0,0,0
"6wfugRLamFsTRbPcCpNnP7","How You Get The Girl",0,"1989 (Deluxe Edition)",5,0,0,0,0,0
"1kTPQnabROVkW9bUXdCGrB","This Love",0,"1989 (Deluxe Edition)",5,0,0,0,0,0
"2zfgVd034GlUvk7LqBHl6u","I Know Places",0,"1989 (Deluxe Edition)",5,0,0,0,0,0
"4bXCcoesMt8u99xMsbLr9U","Clean",0,"1989 (Deluxe Edition)",5,0,0,0,0,0
"6iWMI5oOhWrDbLbjmwTWFq","Wonderland",51,"1989 (Deluxe Edition)",5,0,0,1,0,0
"4A2LfnduSTsE8u0ecYROxE","You Are In Love",83,"1989 (Deluxe Edition)",5,0,0,1,0,0
"6rZVy6FIG7lSJQMFXHo12z","New Romantics",46,"1989 (Deluxe Edition)",5,0,1,1,0,0
"4JQm7ebhsrt10wmrP6AfXL","I Know Places",0,"1989 (Deluxe Edition)",5,1,0,1,0,0
"4TtyvyI42C0KFnbDZvNC8Y","I Wish You Would",0,"1989 (Deluxe Edition)",5,1,0,1,0,0
"0yisH8r0f3Mkq34kjzUlCV","Blank Space",1,"1989 (Deluxe Edition)",5,1,0,1,0,0
"2yLa0QULdQr0qAIvVwN6B5","...Ready For It?",4,"reputation",6,0,1,0,0,0
"2x0WlnmfG39ZuDmstl9xfX","End Game",18,"reputation",6,0,1,0,0,0
"4svZDCRz4cJoneBpjpx8DJ","I Did Something Bad",0,"reputation",6,0,0,0,0,0
"1R0a2iXumgCiFb7HEZ7gUE","Don't Blame Me",0,"reputation",6,0,0,0,0,0
"6NFyWDv5CjfwuzoCkw47Xf","Delicate",12,"reputation",6,0,1,0,0,0
"1P17dC1amhFzptugyAO7Il","Look What You Made Me Do",1,"reputation",6,0,1,0,0,0
"5PxFv9yJEg9dxvbZggykro","So It Goes...",0,"reputation",6,0,0,0,0,0
"1ZY1PqizIl78geGM4xWlEA","Gorgeous",13,"reputation",6,0,0,0,0,0
"0VE4kBnHJUgtMf0dy6DRmW","Getaway Car",0,"reputation",6,0,1,0,0,0
"7HuBDWi18s4aJM8UFnNheH","King Of My Heart",0,"reputation",6,0,0,0,0,0
"7I7JbDv63ZJJsSi24DyJrz","Dancing With Our Hands Tied",0,"reputation",6,0,0,0,0,0
"6oVxXO5oQ4pTpO8RSnkzvv","Dress",0,"reputation",6,0,0,0,0,0
"07NxDD1iKCHbAldceD7QLP","This Is Why We Can't Have Nice Things",0,"reputation",6,0,0,0,0,0
"1GwMQaZz6Au3QLDbjbMdme","Call It What You Want",27,"reputation",6,0,0,0,0,0
"7F5oktn5YOsR9eR5YsFtqb","New Year's Day",0,"reputation",6,0,1,0,0,0
"43rA71bccXFGD4C8GOpIlN","I Forgot That You Existed",28,"Lover",7,0,0,0,0,0
"1BxfuPKGuaTgP7aM0Bbdwr","Cruel Summer",29,"Lover",7,0,0,0,0,0
"1dGr1c8CrMLDpV6mPbImSI","Lover",10,"Lover",7,0,1,0,0,0
"3RauEVgRgj1IuWdJ9fDs70","The Man",23,"Lover",7,0,1,0,0,0
"3pHkh7d0lzM2AldUtz2x37","The Archer",38,"Lover",7,0,0,0,0,0
"2YWtcWi3a83pdEg3Gif4Pd","I Think He Knows",51,"Lover",7,0,0,0,0,0
"214nt20w5wOxJnY462klLw","Miss Americana & The Heartbreak Prince",49,"Lover",7,0,0,0,0,0
"4y5bvROuBDPr5fuwXbIBZR","Paper Rings",45,"Lover",7,0,0,0,0,0
"12M5uqx0ZuwkpLp5rJim1a","Cornelia Street",57,"Lover",7,0,0,0,0,0
"2dgFqt3w9xIQRjhPtwNk3D","Death By A Thousand Cuts",67,"Lover",7,0,0,0,0,0
"1LLXZFeAHK9R4xUramtUKw","London Boy",62,"Lover",7,0,0,0,0,0
"4AYtqFyFbX0Xkc2wtcygTr","Soon You'll Get Better",63,"Lover",7,0,0,0,0,0
"5hQSXkFgbxjZo9uCwd11so","False God",77,"Lover",7,0,0,0,0,0
"6RRNNciQGZEXnqk8SQ9yv5","You Need To Calm Down",2,"Lover",7,0,1,0,0,0
"1SymEzIT3H8UZfibCs3TYi","Afterglow",75,"Lover",7,0,0,0,0,0
"2Rk4JlNc2TPmZe2af99d45","ME!",2,"Lover",7,0,1,0,0,0
"1SmiQ65iSAbPto6gPFlBYm","It's Nice To Have A Friend",92,"Lover",7,0,0,0,0,0
"1fzAuUVbzlhZ1lJAx9PtY6","Daylight",89,"Lover",7,0,0,0,0,0
"4pfrrhvplbJZAIsfosGWQP","the 1",4,"folklore (deluxe version)",8,0,0,0,0,0
"0KRYCBwIpWYFNrXOmXbyUh","cardigan",1,"folklore (deluxe version)",8,0,1,0,0,0
"2olxzvoFI9IpxqFeUv7WOX","the last great american dynasty",13,"folklore (deluxe version)",8,0,0,0,0,0
"5S4aYQAJOwJMAamANWlICO","exile",6,"folklore (deluxe version)",8,0,1,0,0,0
"5P2bHCDM2tsgIaYWsZMhu5","my tears ricochet",16,"folklore (deluxe version)",8,0,0,0,0,0
"2I8YAEA1VmCuP1wkJHMpTw","mirrorball",26,"folklore (deluxe version)",8,0,0,0,0,0
"76mOLcXOjOEhyY4mMF1l3r","seven",35,"folklore (deluxe version)",8,0,0,0,0,0
"6nK2pIKFcRc5frrZKHgsiT","august",23,"folklore (deluxe version)",8,0,0,0,0,0
"7cm50Lw03k6VvRauJtkyTj","this is me trying",39,"folklore (deluxe version)",8,0,0,0,0,0
"6DrLROM5MG9bxWHeEG5elq","illicit affairs",44,"folklore (deluxe version)",8,0,0,0,0,0
"2ehRU518I0hYqMGQnk4lDY","invisible string",37,"folklore (deluxe version)",8,0,0,0,0,0
"0RP1kqoSPkVXsKiQNhMKzV","mad woman",47,"folklore (deluxe version)",8,0,0,0,0,0
"1EXa37LpSvi3OQ9UYQ28rD","epiphany",57,"folklore (deluxe version)",8,0,0,0,0,0
"3IhtE4fkytdrtEfV34UzkD","betty",42,"folklore (deluxe version)",8,0,1,0,0,0
"6JlI8Ay77m4nJvZTHvfT1J","peace",58,"folklore (deluxe version)",8,0,0,0,0,0
"0YeDG5HnKnG7jpArkzsSPa","hoax",71,"folklore (deluxe version)",8,0,0,0,0,0
"0eFQWVz0qIxDOvhLpZ40P7","the lakes",0,"folklore (deluxe version)",8,0,0,1,0,0
"2gVhfX2Gy1T9kDuS9azrF7","willow",1,"evermore (deluxe version)",9,0,1,0,0,0
"1gcyHQpBQ1lfXGdhZmWrHP","champagne problems",21,"evermore (deluxe version)",9,0,0,0,0,0
"3Dby3p1m6IOZn2gIIqECgK","gold rush",40,"evermore (deluxe version)",9,0,0,0,0,0
"6sQckd3Z8NPxVVKUnavY1F","'tis the damn season",39,"evermore (deluxe version)",9,0,0,0,0,0
"6lCvK2AR2uOKkVFCVlAzzm","tolerate it",45,"evermore (deluxe version)",9,0,0,0,0,0
"6uwfVkaOM1mcMkFmSn35ix","no body, no crime",34,"evermore (deluxe version)",9,0,1,0,0,0
"55Vf4bimc1Rtfg0PAQRAo2","happiness",52,"evermore (deluxe version)",9,0,0,0,0,0
"66tOfHVH3aUrscg8vExRV4","dorothea",67,"evermore (deluxe version)",9,0,0,0,0,0
"2awNGIJHodfLZSClB3PYhz","coney island",63,"evermore (deluxe version)",9,0,1,0,0,0
"43Ykum9T72UOPhBN31grpN","ivy",61,"evermore (deluxe version)",9,0,0,0,0,0
"52OkpDsU6MmPx1AwGOb6Ap","cowboy like me",71,"evermore (deluxe version)",9,0,0,0,0,0
"5VYWxXUpxuxEmCqMLDqICo","long story short",68,"evermore (deluxe version)",9,0,0,0,0,0
"5uICWmZTLkpEVbK22PBP6e","marjorie",75,"evermore (deluxe version)",9,0,0,0,0,0
"6a8aUhYbaQBUI8PcJ5ZmQ6","closure",82,"evermore (deluxe version)",9,0,0,0,0,0
"6Wlq9rqkxrqj5Kls4Kw14H","evermore",57,"evermore (deluxe version)",9,0,0,0,0,0
"3zwMVvkBe2qIKDObWgXw4N","right where you left me",0,"evermore (deluxe version)",9,0,0,1,0,0
"1kdWw77ZpYOkhxeuhzU1j6","it's time to go",0,"evermore (deluxe version)",9,0,0,1,0,0
"77sMIMlNaSURUAXq5coCxE","Fearless (Taylor's Version)",71,"Fearless (Taylor's Version)",10,0,0,0,0,1
"2nqio0SfWg6gh2eCtfuMa5","Fifteen (Taylor's Version)",88,"Fearless (Taylor's Version)",10,0,0,0,0,1
"6YvqWjhGD8mB5QXcbcUKtx","Love Story (Taylor's Version)",11,"Fearless (Taylor's Version)",10,0,1,0,0,1
"550erGcdD9n6PnwxrvYqZT","Hey Stephen (Taylor's Version)",0,"Fearless (Taylor's Version)",10,0,0,0,0,1
"5YL553x8sHderRBDlm3NM3","White Horse (Taylor's Version)",0,"Fearless (Taylor's Version)",10,0,0,0,0,1
"1qrpoAMXodY6895hGKoUpA","You Belong With Me (Taylor's Version)",75,"Fearless (Taylor's Version)",10,0,0,0,0,1
"7HC7R2D8WjXVcUHJyEGjRs","Breathe (Taylor's Version)",0,"Fearless (Taylor's Version)",10,0,0,0,0,1
"0k0vFacOHNuArLWMiH60p7","Tell Me Why (Taylor's Version)",0,"Fearless (Taylor's Version)",10,0,0,0,0,1
"6iiAfo4wTA2CVC3Uwx9uh8","You're Not Sorry (Taylor's Version)",0,"Fearless (Taylor's Version)",10,0,0,0,0,1
"22bPsP2jCgbLUvh82U0Z3M","The Way I Loved You (Taylor's Version)",94,"Fearless (Taylor's Version)",10,0,0,0,0,1
"1msEuwSBneBKpVCZQcFTsU","Forever & Always (Taylor's Version)",65,"Fearless (Taylor's Version)",10,0,0,0,0,1
"6ON9UuIq49xXY9GPmHIYRp","The Best Day (Taylor's Version)",0,"Fearless (Taylor's Version)",10,0,0,0,0,1
"3ExweHKZF9B752DPQByRVT","Change (Taylor's Version)",0,"Fearless (Taylor's Version)",10,0,0,0,0,1
"2m3ObD945KvpE5y9A1eUWm","Jump Then Fall (Taylor's Version)",0,"Fearless (Taylor's Version)",10,0,0,0,0,1
"0tQ9vBYpldCuikPsbgOVKA","Untouchable (Taylor's Version)",0,"Fearless (Taylor's Version)",10,0,0,0,0,1
"01QdEx6kFr78ZejhQtWR5m","Forever & Always (Piano Version) (Taylor's Version)",0,"Fearless (Taylor's Version)",10,1,0,0,0,1
"1n2wszmJyVkw6FHqyLnQsY","Come In With The Rain (Taylor's Version)",0,"Fearless (Taylor's Version)",10,0,0,0,0,1
"51A8eKvvZz9uydvIZ7xRSV","Superstar (Taylor's Version)",0,"Fearless (Taylor's Version)",10,0,0,0,0,1
"1cSFlSBdpT4F5vb1frQ231","The Other Side Of The Door (Taylor's Version)",0,"Fearless (Taylor's Version)",10,0,0,0,0,1
"2JoJrsEV15OzbijS47lids","Today Was A Fairytale (Taylor's Version)",0,"Fearless (Taylor's Version)",10,0,0,0,0,1
"4CHpVfAhuxNJ3ibExe6kxO","You All Over Me (Taylor's Version) (From The Vault)",51,"Fearless (Taylor's Version)",10,0,0,0,1,1
"2CYVETnhM9aytqrazYYwrK","Mr. Perfectly Fine (Taylor's Version) (From The Vault)",30,"Fearless (Taylor's Version)",10,0,0,0,1,1
"34V9RiEPe8MNdU32qJsJa1","We Were Happy (Taylor's Version) (From The Vault)",0,"Fearless (Taylor's Version)",10,0,0,0,1,1
"7eResoqEJJAVTkQYSqvO3P","That's When (Taylor's Version) (From The Vault)",0,"Fearless (Taylor's Version)",10,0,0,0,1,1
"4uuEGH5SVuzkkSFjo2DEiY","Don't You (Taylor's Version) (From The Vault)",0,"Fearless (Taylor's Version)",10,0,0,0,1,1
"4qUijfYU8EoIWiY6oSyrgT","Bye Bye Baby (Taylor's Version) (From The Vault)",0,"Fearless (Taylor's Version)",10,0,0,0,1,1
"6lzc0Al0zfZOIFsFvBS1ki","State Of Grace (Taylor's Version)",18,"Red (Taylor's Version)",11,0,0,0,0,1
"4OAuvHryIVv4kMDNSLuPt6","Red (Taylor's Version)",25,"Red (Taylor's Version)",11,0,0,0,0,1
"3S7HNKPakdwNEBFIVTL6dZ","Treacherous (Taylor's Version)",54,"Red (Taylor's Version)",11,0,0,0,0,1
"6AtZLIzUINvExIUy4QhdjP","I Knew You Were Trouble (Taylor's Version)",46,"Red (Taylor's Version)",11,0,0,0,0,1
"3nsfB1vus2qaloUdcBZvDu","All Too Well (Taylor's Version)",1,"Red (Taylor's Version)",11,0,0,0,0,1
"3yII7UwgLF6K5zW3xad3MP","22 (Taylor's Version)",52,"Red (Taylor's Version)",11,0,0,0,0,1
"2r9CbjYgFhtAmcFv1cSquB","I Almost Do (Taylor's Version)",59,"Red (Taylor's Version)",11,0,0,0,0,1
"5YqltLsjdqFtvqE7Nrysvs","We Are Never Ever Getting Back Together (Taylor's Version)",55,"Red (Taylor's Version)",11,0,0,0,0,1
"7eQj6r5PIdYKEIZjucBMcq","Stay Stay Stay (Taylor's Version)",67,"Red (Taylor's Version)",11,0,0,0,0,1
"0y6kdSRCVQhSsHSpWvTUm7","The Last Time (Taylor's Version)",66,"Red (Taylor's Version)",11,0,0,0,0,1
"7J4b3LVCIGO4CMBDFLPoP6","Holy Ground (Taylor's Version)",76,"Red (Taylor's Version)",11,0,0,0,0,1
"73qMN9bXy7MSPwwGfH3wQr","Sad Beautiful Tragic (Taylor's Version)",85,"Red (Taylor's Version)",11,0,0,0,0,1
"4e5ayHsOLJNLTGfjau2mEw","The Lucky One (Taylor's Version)",84,"Red (Taylor's Version)",11,0,0,0,0,1
"7qEUFOVcxRI19tbT68JcYK","Everything Has Changed (Taylor's Version)",63,"Red (Taylor's Version)",11,0,0,0,0,1
"7A2cNLRT0YJc1yjxHlKihs","Starlight (Taylor's Version)",90,"Red (Taylor's Version)",11,0,0,0,0,1
"05GsNucq8Bngd9fnd4fRa0","Begin Again (Taylor's Version)",77,"Red (Taylor's Version)",11,0,0,0,0,1
"0NRHj8hDwwmSPaA41o379r","The Moment I Knew (Taylor's Version)",83,"Red (Taylor's Version)",11,0,0,0,0,1
"4pNApnaUWAL2J4KO2eqokq","Come Back...Be Here (Taylor's Version)",87,"Red (Taylor's Version)",11,0,0,0,0,1
"0DMVrlMUn01M0IcpDbwgu7","Girl At Home (Taylor's Version)",0,"Red (Taylor's Version)",11,0,0,0,0,1
"5jAIouBES8LWMiriuNq170","State Of Grace (Acoustic Version) (Taylor's Version)",0,"Red (Taylor's Version)",11,1,0,0,0,1
"7nWui6jiMM2m9qFmET1Mtj","Ronan (Taylor's Version)",0,"Red (Taylor's Version)",11,0,0,0,0,1
"4OmFmE0fzcMG6g0Y8p4eSD","Better Man (Taylor's Version) (From The Vault)",51,"Red (Taylor's Version)",11,0,0,0,1,1
"01K4zKU104LyJ8gMb7227B","Nothing New (Taylor's Version) (From The Vault)",43,"Red (Taylor's Version)",11,0,0,0,1,1
"0v4z1tuZvn6LGknom9Qx7d","Babe (Taylor's Version) (From The Vault)",69,"Red (Taylor's Version)",11,0,0,0,1,1
"3z6XUommYDWPHeFhmhhT6j","Message In A Bottle (Taylor's Version) (From The Vault)",45,"Red (Taylor's Version)",11,0,1,0,1,1
"4CkgMiMqZ5JzW9iYXSTMTL","I Bet You Think About Me (Taylor's Version) (From The Vault)",22,"Red (Taylor's Version)",11,0,1,0,1,1
"3oGVx9RBmiYGv5ZCecWLkx","Forever Winter (Taylor's Version) (From The Vault)",79,"Red (Taylor's Version)",11,0,0,0,1,1
"4IQkfUsrwXol38VV3U7t7T","Run (Taylor's Version) (From The Vault)",47,"Red (Taylor's Version)",11,0,0,0,1,1
"6pYNq0ZwpPVazKzsqpf0G8","The Very First Night (Taylor's Version) (From The Vault)",61,"Red (Taylor's Version)",11,0,0,0,1,1
"5enxwA8aAbwZbf5qCHORXi","All Too Well (10 Minute Version) (Taylor's Version) (From The Vault)",0,"Red (Taylor's Version)",11,1,0,0,1,1
"4g2c7NoTWAOSYDy44l9nub","Lavender Haze",2,"Midnights (3am Edition)",12,0,1,0,0,0
"199E1RRrVmVTQqBXih5qRC","Maroon",3,"Midnights (3am Edition)",12,0,0,0,0,0
"02Zkkf2zMkwRGQjZ7T4p8f","Anti-Hero",1,"Midnights (3am Edition)",12,0,1,0,0,0
"6ADDIJxxqzM9LMpm78yzQG","Snow On The Beach",4,"Midnights (3am Edition)",12,0,0,0,0,0
"7gVWKBcfIW93YxNBi3ApIE","You're On Your Own, Kid",8,"Midnights (3am Edition)",12,0,0,0,0,0
"6Nl7KyvjkFncGsjB49SxLl","Midnight Rain",5,"Midnights (3am Edition)",12,0,0,0,0,0
"6C7OF1Jal7YkyjzyUG8vkK","Question...?",7,"Midnights (3am Edition)",12,0,0,0,0,0
"5yeuXkukVGuix3vmLu2BPJ","Vigilante Shit",10,"Midnights (3am Edition)",12,0,0,0,0,0
"0jvo9CjnbR0lYUDTSNTMiu","Bejeweled",6,"Midnights (3am Edition)",12,0,0,0,0,0
"43q586vP8gGkYypKoSddhl","Labyrinth",14,"Midnights (3am Edition)",12,0,0,0,0,0
"5oqDgw5VGBln5dSIOPWyBq","Karma",9,"Midnights (3am Edition)",12,0,0,0,0,0
"3zmwONxswBAzGwExPugSLN","Sweet Nothing",15,"Midnights (3am Edition)",12,0,0,0,0,0
"56hioFjQ0DXrdn04hZcFgG","Mastermind",13,"Midnights (3am Edition)",12,0,0,0,0,0
"3UMrglJeju5yWyYIW6o99b","The Great War",26,"Midnights (3am Edition)",12,0,0,1,0,0
"0BiqmkasE5FdrChwKfVp8X","Bigger Than The Whole Sky",21,"Midnights (3am Edition)",12,0,0,1,0,0
"7712gjoih4QoDbXpljEk21","Paris",32,"Midnights (3am Edition)",12,0,0,1,0,0
"5kiZGSxgqPdv6rbqL9THdd","High Infidelity",33,"Midnights (3am Edition)",12,0,0,1,0,0
"6wAFvJPpTZVirBKGZ4EnMW","Glitch",41,"Midnights (3am Edition)",12,0,0,1,0,0
"0aV5uARAknQgYhBaK944FP","Would've, Could've, Should've",20,"Midnights (3am Edition)",12,0,0,1,0,0
"3QF5RsWzK1lCvf2o2cY65P","Dear Reader",45,"Midnights (3am Edition)",12,0,0,1,0,0
